lap_var,blur
4068.329283295391,0
800.0083463401882,2
101.57765724826389,1
107.67402343494767,1
4391.8358411161125,0
1372.2550051858334,2
280.0065786401299,1
95.99138176954182,1
4768.6562023800225,0
322.870488886712,2
115.97414567249888,1
71.7985259699989,1
4141.979109374945,0
981.5834150909177,2
222.95072030973284,1
104.69752132621494,1
5189.953934738408,0
932.3209640456811,2
191.99635943809653,1
96.58547059057183,1
2592.1015390153293,0
1648.9034463425435,2
88.37925931249998,1
46.10478229109272,1
3944.1425114219933,0
1889.4187400842438,2
94.32884635371062,1
49.61842447361951,1
92.9976836445744,0
2437.203256165538,2
87.09427598526045,1
47.04192284611005,1
4016.8992070670306,0
752.2665906018703,2
75.14680050987388,1
81.56668485177704,1
3706.691226347222,0
987.6623911769268,2
73.25937405327444,1
66.22171011645403,1
1993.2185114581205,0
243.2710848784699,2
192.63074256298188,1
162.15100623437496,1
3277.889613992357,0
1322.85897481671,2
193.9430551087142,1
167.9756963507029,1
3307.1875114329537,0
250.87748581390363,2
194.43118801755102,1
164.8442477941667,1
3188.607999940586,0
1049.6501395024636,2
189.80792387265512,1
158.3985078028101,1
3106.235404888887,0
2003.5698692627159,2
172.00477071998668,1
161.7647736663517,1
534.1400998957245,0
221.60887343749982,2
56.49499477498265,1
56.96225621164933,1
823.0236281175255,0
240.5551484040796,2
100.12988176724579,1
47.19616873663083,1
992.7168686606241,0
308.2676691472372,2
101.49095171326401,1
58.22108989074191,1
749.9710812497226,0
303.36735831718363,2
77.0924025055314,1
53.088051025780146,1
931.4470727524061,0
245.14732343114972,2
51.617633088514566,1
44.084331586202,1
222.90704113826789,0
216.3804426905555,2
36.49111404257785,1
28.088583330511053,1
747.4219046871675,0
577.4157026039056,2
39.699222907681225,1
29.312457812486713,1
810.9903176719957,0
506.7026333260373,2
40.291127465488024,1
29.950987451691606,1
727.8579879260847,0
256.367946872603,2
37.31888277145154,1
27.982954628339563,1
740.7754889686717,0
253.84973794587575,2
29.50157971394856,1
29.88846265770152,1
484.5999630053384,0
205.0504128415342,2
143.71429318378884,1
147.07822550481526,1
681.2400588467812,0
358.3048671015165,2
151.3535666665355,1
150.81111228705626,1
648.577372738708,0
485.09974720669857,2
152.04339676249566,1
146.65210385956598,1
668.1420041245563,0
285.8502270737459,2
165.603714534566,1
144.746105428383,1
680.9617596777771,0
553.0755991885782,2
145.4015325176986,1
139.62826436360672,1
1185.7214640130396,0
441.21717233868264,2
68.52494166509986,1
53.22516979159721,1
1504.2962546678718,0
533.7071869438147,2
134.91483333259978,1
53.49398854148332,1
2190.2808421110135,0
646.4593312488184,2
147.7490730591469,1
52.05718425755101,1
1729.626430170793,0
475.6740983699543,2
122.97662395828009,1
66.5231020504818,1
1941.1553196410673,0
123.835262494834,2
123.00987856442605,1
52.213956555479356,1
1157.6064619789972,0
380.1639999993217,2
45.591566138085646,1
31.58145572738689,1
1290.9714578047522,0
600.9837380205726,2
46.03152446685952,1
22.386254680642082,1
1378.0530910716332,0
553.9101833075997,2
49.160773262584335,1
32.499608272899295,1
1287.7062540576292,0
946.1724957303986,2
43.169020244954126,1
32.33145885387125,1
1263.6284542223436,0
501.5035329605512,2
45.122112443391686,1
32.604530472349985,1
652.7088694366487,0
168.69386822720665,2
165.97457812096243,1
144.55019565710822,1
1117.0917062496487,0
348.71475930933605,2
155.02641612561607,1
142.73474933021896,1
1205.0360675949862,0
590.3598129360671,2
166.02562303704838,1
154.67857160805553,1
1211.9984864572898,0
269.27870780239556,2
163.1057978404677,1
145.96266805858045,1
1186.4974503605063,0
345.54762200194614,2
170.72232271765378,1
147.64426978326404,1
806.2104898810086,0
238.69801717302485,2
60.43969788957905,1
50.211330206597204,1
993.4846624952736,0
236.2704322915972,2
115.6168760387326,1
48.9959301985406,1
1228.8979618302192,0
100.3270421204945,2
115.6021755944401,1
60.7606108064711,1
1064.8195317330917,0
384.4212676220442,2
95.28665675710037,1
58.58575677073538,1
1238.8035657947225,0
118.24589687456597,2
85.94214268141252,1
57.91251418485674,1
640.830057252907,0
293.4689395741494,2
36.91581456499567,1
29.650289061490607,1
753.873263004284,0
340.63924007225233,2
41.959701556638166,1
30.179737495129128,1
939.0055984063255,0
240.44555935551656,2
40.81353833728731,1
30.603894747828782,1
830.9448515425778,0
450.0893968540351,2
37.39990411319008,1
28.86154998848848,1
864.2625518727041,0
371.707310742899,2
38.86122935627577,1
30.605305430663773,1
501.0412411448241,0
366.953470189635,2
154.90669562230786,1
158.0225813743269,1
768.4934816884765,0
144.52040155962206,2
157.7018822614052,1
150.08296528714843,1
790.629536316142,0
553.5962327460326,2
162.31434838484265,1
152.97401560858407,1
805.1539442705008,0
342.50311915867803,2
160.2491994468791,1
147.7193999979937,1
789.137120348745,0
171.06280050734352,2
150.238402594834,1
151.63039616230427,1
1189.3761171868487,0
393.45098428121076,2
112.92536454291559,1
55.816649950308204,1
1597.029053121952,0
340.5195880207552,2
133.8248598835262,1
71.06689895650933,1
1883.2772951123354,0
267.8705770720443,2
74.66137171249018,1
54.55024269218317,1
1742.095861457079,0
623.1941749927039,2
109.18368281242165,1
71.00911510238687,1
2097.920749759581,0
443.0109900927664,2
129.47040711544898,1
60.594860245649954,1
956.9254880132678,0
559.2113890023219,2
46.751630202863495,1
34.37012758305096,1
1173.4683651037537,0
419.6153380206358,2
50.44716297893636,1
35.160497911500634,1
54.72471901717424,0
311.9005274352971,2
52.015380506008846,1
36.49440456536433,1
1217.796141618359,0
276.21289580379226,2
104.96420983917945,1
48.124441098662956,1
1268.5495164529805,0
349.9561848753376,2
43.26039685729141,1
34.27072884437392,1
805.0080842280556,0
551.1806365573434,2
173.06339059138887,1
159.02964368326403,1
1157.797749999931,0
610.1429504681763,2
172.70406188248455,1
162.8284468732639,1
1252.4705843302845,0
842.6652096174673,2
166.39812992499887,1
153.9325082977854,1
1247.4055702289436,0
332.3631353567435,2
170.87015928748264,1
159.60599421368235,1
1239.2483558070312,0
565.4847385287752,2
175.91517464138897,1
160.99104760493066,1
615.0791540367663,0
213.522534235933,2
61.26530461443114,1
52.16834005330705,1
803.9710072895654,0
381.33682184617084,2
111.76567286270726,1
66.40409582816731,1
979.9822596400716,0
649.3185347295228,2
114.19514165809217,1
67.87785393204749,1
742.3232489563272,0
326.5234330285373,2
92.57647082333327,1
60.09204112649498,1
1001.6332670163872,0
361.5561218630369,2
60.93261473092203,1
60.98195277493055,1
454.09592602471236,0
350.3118749400774,2
45.71808329699544,1
33.745169764920796,1
93.64944426995203,0
260.58680153454844,2
45.22041666179576,1
34.094326041454,1
675.9761629601429,0
314.4832649913124,2
47.40920405968312,1
29.692540021809624,1
561.1692358160918,0
310.4438854132639,2
43.7362275470158,1
42.984808259417285,1
98.57472332663949,0
189.0509928019398,2
39.912878669347876,1
42.68541834226456,1
547.5056046509637,0
522.2450911365489,2
199.34406762204432,1
169.82332632331793,1
726.8842999940584,0
448.00605050149517,2
169.02846704726534,1
157.19048429531145,1
749.9865190417311,0
290.84008436520725,2
170.9367485728994,1
164.15117083083328,1
752.5346962052187,0
391.7525036290146,2
165.03329163783738,1
157.70066718749757,1
736.8315290603508,0
196.8363478719521,2
172.07491790676644,1
148.88051927057268,1
1926.1669671790012,0
537.8106932118033,2
85.87248280647755,1
60.718508302708294,1
3211.5540963289313,0
645.8316223620304,2
88.49534530725887,1
90.41518645650936,1
3112.8642753905565,0
621.4668447102041,2
90.75758477296851,1
59.61828783079184,1
3101.7419281177054,0
659.1886999675241,2
190.4342879907529,1
85.93357708259983,1
3345.290102752213,0
542.9420416643705,2
83.50343752718082,1
83.26299886310515,1
1583.1477744606873,0
953.316466120599,2
59.698765579843716,1
37.949798431638136,1
2429.015056237107,0
766.2916156232639,2
60.76807760229788,1
38.30744791661351,1
2370.9861322805964,0
775.158315053776,2
67.58415399044164,1
38.663706164321816,1
2255.99107693639,0
1603.9387732762473,2
67.25672705793288,1
61.43030251757128,1
2360.253702642924,0
686.7465906881513,2
56.674049965342604,1
36.625611067708334,1
1589.6770014783392,0
167.98080393305557,2
174.08457604109267,1
157.8307822499827,1
1753.6681160561448,0
583.7659713188148,2
176.5092932233049,1
159.4033462871612,1
1908.3751770107854,0
1022.8660484297524,2
176.08754614742585,1
156.3803061960406,1
1808.9412432194772,0
673.325224881836,2
168.27114054706604,1
155.7500557288713,1
1963.483843502496,0
719.8582681599864,2
159.712113551126,1
159.40346074289053,1
572.767040073359,0
197.74257602247286,2
56.105307790466284,1
56.94534635406875,1
695.2750291566667,0
169.53551561138894,2
79.54255103788957,1
56.13234424288168,1
744.0250389954945,0
122.2379677074826,2
53.10530252060951,1
57.59422439440077,1
754.3736348646586,0
174.06710208184785,2
65.05166872459962,1
51.915906240815964,1
783.8234263961898,0
183.61035104114146,2
65.9941149954728,1
52.73526709781225,1
490.8776786458202,0
174.616628616471,2
36.419563524982635,1
28.183235404703765,1
529.6017255055965,0
286.98344113572904,2
38.00557916072485,1
28.580010416453998,1
612.551773424251,0
150.98506302082006,2
39.761690049478894,1
29.46331196842421,1
557.0976963122695,0
250.59320872464158,2
34.26377706847978,1
28.061567185253644,1
577.9213343660148,0
320.08451970720375,2
37.128860416092664,1
29.38707447893852,1
425.45150311678685,0
262.0336046848413,2
146.54270310187073,1
144.39169261067704,1
540.6517477558325,0
167.83371968671761,2
160.0087890058462,1
144.27768123914925,1
585.76483328304,0
436.8002446770559,2
155.95515817166242,1
147.97583801009083,1
571.8768796874675,0
161.61310141515594,2
132.79523619674384,1
132.1438089578994,1
580.4025264612296,0
224.2325999938965,2
151.62318697392553,1
154.92843920817702,1
425.7472822428996,0
133.4474072803776,2
52.46177447606095,1
45.42614270659721,1
501.9787947869403,0
123.79342864475679,2
53.17483800852621,1
44.96249427053792,1
565.2941703110544,0
191.07758489338516,2
50.84589888666555,1
44.357409332460946,1
504.5920208301691,0
100.75481613593722,2
47.94460050898411,1
43.48184683072483,1
537.0327108726343,0
149.05862602551653,2
50.02170351780352,1
42.6458275144789,1
330.0044651041534,0
86.39797963757569,2
33.37288645817707,1
26.707858853754075,1
406.43446769544147,0
136.301615103969,2
34.74235780994767,1
27.662615084828282,1
428.6219286451275,0
125.81766561234372,2
35.96289843589166,1
27.660162481093757,1
429.79991614249104,0
144.32549790666664,2
60.222835910240605,1
26.653501562497567,1
387.16186924722655,0
68.13904687402344,2
34.61360100689995,1
25.851928643964566,1
260.05616717068114,0
229.04414521710888,2
133.83984996562066,1
129.00883645801974,1
314.8758010414832,0
131.0719666532975,2
142.0574124648437,1
135.43457593055552,1
376.6607817297848,0
206.80619110768606,2
139.8703869225128,1
139.4641306063018,1
383.541687434869,0
160.33546139789922,2
147.48969684993057,1
133.785671318422,1
386.43682133023833,0
264.9434880129013,2
123.81233535364477,1
123.05625588507793,1
341.5818645644273,0
261.50501976692595,2
51.70016083221329,1
44.30835934825409,1
352.9709780999307,0
150.00249631601943,2
52.30230986008869,1
43.13755936953017,1
414.2953389632094,0
163.52405672633873,2
51.6276276022979,1
42.23652027831351,1
360.09720466698553,0
102.14947393942708,2
47.92706093450928,1
42.44430885201795,1
416.14288384298777,0
171.08570624780273,2
50.68725872688123,1
41.07259524921631,1
249.4960505207551,0
224.9336994679879,2
25.22454687280275,1
25.43034166276041,1
315.1608520815091,0
119.6715343654123,2
21.31111458093642,1
25.855199476718493,1
318.168528645182,0
37.67460401326388,2
33.655004639420305,1
23.314200442024468,1
282.98367857106524,0
198.2832802079818,2
31.048545307701534,1
25.957171345082205,1
293.5193858951752,0
101.73616249808596,2
31.29256716638428,1
27.06090989528403,1
242.74601961015523,0
139.05428675006473,2
134.11090572755833,1
135.59095208531653,1
345.2655192621414,0
148.35742395583333,2
134.70780669143846,1
140.4084911388018,1
345.4472901888498,0
244.43024215849366,2
131.90149738110654,1
129.73819111822885,1
343.4946937464747,0
176.74941816796198,2
142.06952864507136,1
136.79755830826383,1
338.2237930810223,0
272.940521775381,2
132.13118793470036,1
135.30819792576807,1
5630.322073432554,0
723.9176229140622,2
131.87381246714844,1
82.19596717975239,1
5645.7332801711955,0
644.3457614287928,2
145.75481197738708,1
80.35168479719805,1
5587.93755409666,0
519.2432838523868,2
144.9085878805986,1
79.46931545312066,1
5900.979713001498,0
1336.4714848288277,2
129.51333488771456,1
75.99734791150065,1
6027.9629848181885,0
834.917923385221,2
133.83912128221988,1
82.40182230236302,1
4215.675332812359,0
984.8662692585257,2
53.28940934893119,1
56.22473123304574,1
4126.794413535066,0
34.392072181445045,2
128.38854322729787,1
55.22589635161432,1
4070.90003432669,0
908.2027843643651,2
132.63361092956788,1
54.55266191483044,1
108.12412499081611,0
702.2110780958166,2
104.52134215521244,1
48.264465604930535,1
2387.738979574644,0
1402.2683461558636,2
460.344681587096,1
54.16016451277667,1
3333.178518198722,0
172.43328644614158,2
213.76097758969155,1
168.71027047582896,1
3216.5715583231226,0
191.6634749425999,2
226.72529153222226,1
177.00722650974367,1
3194.66884627121,0
174.4334650811955,2
222.50154518890372,1
172.77957163018112,1
3226.4737630207883,0
255.07630103489467,2
208.3264765372653,1
169.18521873358407,1
3153.3600541311234,0
180.04578783709613,2
241.57571623326385,1
176.81004893796776,1
43.103547912082234,0
42.04975722330619,2
55.301116145605164,1
45.37309843462209,1
42.88571979164932,0
39.76492394083229,2
51.929793749972916,1
44.41456926961561,1
42.59101036026044,0
38.52846089431394,2
41.61636507516031,1
42.81039004140601,1
41.92220103861868,0
39.70169633814862,2
40.246281225259345,1
42.17614062499894,1
41.14512022135306,0
38.67105049526662,2
47.55375968432917,1
39.66293116276043,1
359.7379692679554,0
167.26839895316726,2
26.35526405826145,1
25.121838541639523,1
465.31289739578716,0
23.73215312493056,2
27.123723955051016,1
23.259245294021017,1
481.36385259363936,0
144.14143020759983,2
27.547446853732637,1
24.606502598773602,1
415.8551604049302,0
60.19299633707654,2
35.17478124468313,1
26.236278645689836,1
406.0938051852041,0
298.89571505330713,2
31.16473747750002,1
27.082564579162323,1
130.32148332968322,0
131.45364990874572,2
122.16871561889647,1
132.03419423228738,1
132.80356249978735,0
132.73997071083332,2
132.93382812452145,1
135.31844735045544,1
133.9344187490874,0
134.94128641833336,2
131.24311035364474,1
132.62902376965175,1
134.04570728556317,0
129.3133139954945,2
131.70750468011477,1
124.60632290078027,1
134.42840320381504,0
122.36754715546769,2
126.97205542388895,1
129.21656732393635,1
350.0213733747393,0
83.53115468699845,2
44.919006249868744,1
42.484005729133834,1
436.6108353953995,0
121.20460312239474,2
44.48799947606091,1
42.18806921565726,1
523.8623685194,0
78.96150258540341,2
46.37925572738689,1
41.685278100585954,1
361.1932369368424,0
72.0942243818357,2
44.82697602218317,1
41.75984009508216,1
601.4060317706898,0
90.41597783272465,2
43.46867756642551,1
40.37283999547281,1
171.69646926795542,0
307.12648228248304,2
29.66704374728731,1
26.620187494683165,1
369.52966715919905,0
174.96579421759745,2
38.905400504014445,1
34.63216302073542,1
388.32723593255633,0
88.9331067267771,2
32.65317602009437,1
28.651703615025788,1
312.93171545996097,0
137.36460760290768,2
34.53564473770726,1
29.19275468649061,1
344.553155175103,0
58.009479335045334,2
30.44912393614473,1
27.749532810974127,1
158.79264362456587,0
116.38277176319336,2
113.14139471661343,1
112.8390135393707,1
175.67694477578,0
124.47909360064993,2
118.48714010356736,1
117.12128176397545,1
195.0587749418074,0
125.21832757893193,2
110.95016558159712,1
112.19523014478736,1
199.72189374728734,0
122.82340354323325,2
122.02105751285775,1
119.57271927018205,1
197.59647447066806,0
120.42558228993059,2
117.83600239742601,1
113.51537213371071,1
194.6014010415582,0
75.51507741774063,2
44.24780202031139,1
41.73945416326391,1
389.8789713069963,0
77.30508072682045,2
44.2367197752506,1
41.377542184036194,1
395.79674357984385,0
60.840173422263206,2
44.12260364211996,1
40.49861562239475,1
374.05274726404906,0
76.07262020653627,2
44.6124384951725,1
40.97833593131485,1
421.5498780166487,0
82.18398995360648,2
42.85193008583329,1
40.13312441535782,1
156.38173437472216,0
87.29692707860671,2
27.20346717718505,1
22.91295780770154,1
295.53574114550105,0
110.4631322569,2
27.105559893385124,1
25.360573939712427,1
305.15796872222234,0
146.2405249998916,2
34.96166353287759,1
31.183659895284023,1
313.48408485133865,0
124.13320298044164,2
34.98834477498265,1
31.58701196124973,1
296.71844163712575,0
132.5712926991316,2
32.50423957846247,1
29.593795311132556,1
166.2169713096721,0
133.13240985929653,2
134.78300050235435,1
135.75758468884447,1
193.44475563822672,0
133.70273540937077,2
138.50334628165984,1
137.85637081409487,1
186.67814893359267,0
133.30731866062396,2
135.99050259185958,1
124.52047081236877,1
187.19271658815015,0
133.37839583242078,2
133.11143166076138,1
129.18662601212566,1
180.48669049131829,0
128.2712050573688,2
125.83007444687918,1
124.86251800304646,1
498.1180613861067,0
140.32889945555957,2
55.40955624197481,1
47.625670304381266,1
684.4004030555452,0
104.74416971887909,2
53.392869788732646,1
53.271556247394734,1
664.1610119278364,0
116.03465621445201,2
62.16074362084957,1
58.57220827985678,1
589.0450395000776,0
113.87958429764642,2
50.4551707881771,1
48.25621090632568,1
737.3983411209285,0
118.12004010294896,2
56.13702575276039,1
52.97513212999566,1
306.75327706770827,0
164.54448226593314,2
17.344266665485023,1
13.39334218743896,1
333.1438130182807,0
89.92430936520721,2
17.358103124374992,1
13.437718225325249,1
381.3456905695791,0
120.2274613105892,2
17.61382965331353,1
13.482174377232804,1
418.95325205270836,0
135.0193493950062,2
17.671646340433753,1
13.501078626204162,1
30.72729235579426,0
139.0339359220822,2
21.184343114908575,1
15.235183303792326,1
187.00100773192696,0
127.22158585751714,2
125.26193381920541,1
114.66305989495193,1
225.99473063505835,0
145.08549836330047,2
120.41248906005173,1
117.9513713540687,1
226.42583418902336,0
116.32679105676841,2
119.28903437481668,1
116.1402665977605,1
255.19621078798158,0
120.2578475800251,2
144.2549822512489,1
140.54275468439425,1
232.04397132028535,0
118.66940311968312,2
108.9367005179555,1
118.59050722110999,1
394.0862161454207,0
117.8591083166493,2
50.55222291609266,1
49.513641623696834,1
604.4619801361066,0
89.98200624101449,2
52.53497291134984,1
50.629174977500014,1
635.449946820068,0
104.23072030564202,2
56.439854660240634,1
53.38799373914926,1
600.1131296536973,0
79.92728539447812,2
60.350227046597226,1
58.57546768796767,1
634.4156530913885,0
108.55583227332899,2
50.15667268606667,1
48.809967676974836,1
247.97815989284263,0
128.4949400769072,2
20.096845796995424,1
16.424016666188148,1
396.691955721419,0
330.85568173145606,2
19.686104152811406,1
15.595623432985844,1
414.1654551879676,0
163.92616658159727,2
18.375369733766284,1
14.81230047044243,1
160.64888578935523,0
166.55754945491503,2
17.303551026558157,1
16.878139053613012,1
371.20406142843353,0
181.70572514863017,2
15.680442180468468,1
15.847778080724824,1
217.5159749900001,0
133.64112279850255,2
113.47581354098854,1
111.6504609347328,1
209.94605520808923,0
142.23628541446942,2
114.83984212316382,1
112.53885833016925,1
217.47054029501928,0
123.67114559972222,2
126.47232286222213,1
124.92652951518863,1
216.2079083249304,0
123.4918119759438,2
117.73150409884981,1
126.54785987059867,1
245.21141024218656,0
134.12324447993052,2
154.11485725372287,1
154.4484452999608,1
505.5911645829414,0
89.492394241827,2
53.26308072828534,1
49.598941666613506,1
593.7866056930274,0
127.63547083312069,2
53.99067655770153,1
50.64160207902669,1
680.3149954594522,0
119.6194291584538,2
60.16551655134983,1
56.37105985393634,1
621.4533389352148,0
100.54428261972407,2
52.46350622687067,1
56.733176001666685,1
701.5182040822035,0
107.94002074826382,2
50.355491397565125,1
48.001622786766525,1
324.285877079556,0
263.41860885351525,2
18.688382283071828,1
16.334292186054427,1
463.5821369789061,0
147.56129061414936,2
51.31918437171767,1
15.747534895331746,1
478.1074593253079,0
151.92161402869777,2
19.397150493573932,1
15.23214059062066,1
407.6639593585841,0
183.6565348255532,2
19.798957248696837,1
18.715864564995655,1
422.6599196579851,0
138.5783071065874,2
15.832988003743226,1
15.918215103710677,1
196.969940486709,0
175.96609114212004,2
117.23209145179578,1
115.63516351388883,1
227.70949265723866,0
137.14633794318985,2
112.0229514905531,1
117.11051092993466,1
236.73497278975245,0
129.04691088329835,2
117.97885284277345,1
116.68471093147751,1
241.798084659698,0
132.9471056616208,2
120.8998225102604,1
115.61254374671766,1
242.67878197876624,0
134.38513591357184,2
116.696872955488,1
116.82479204015597,1
564.2768354111968,0
128.61084836216128,2
52.84359583322485,1
46.524779686353874,1
1058.4205895682248,0
136.44473176574192,2
53.27055258055956,1
46.04480260255831,1
1223.2701946145646,0
161.4845140290795,2
54.79282285206595,1
45.850897853644724,1
1039.3920649445831,0
125.46219683203014,2
53.445001536933304,1
45.317799424964996,1
1284.3287819428288,0
140.4498310465614,2
51.351376513040094,1
44.082233174165566,1
357.02127811805536,0
418.24193904138446,2
35.27599062395724,1
36.962603632823075,1
672.2704348934874,0
251.45165881959372,2
43.123888020331734,1
33.38657239422498,1
719.4258645737453,0
218.63098381682917,2
40.37635879140597,1
31.666229112222215,1
556.0169228766665,0
180.1997833059017,2
42.224776027316615,1
31.50988171014295,1
635.5188135178998,0
200.55835994705706,2
35.42219894914928,1
28.98811041072484,1
237.12536874991204,0
144.37983120831592,2
121.68232238674877,1
110.22030101492082,1
290.561942075345,0
149.3805368919572,2
122.35150231132783,1
121.91393922333329,1
299.0742998003028,0
128.15215516579426,2
129.16850249131267,1
118.38573676670326,1
293.01141040624555,0
145.39896926712004,2
121.77537030695287,1
119.5524557131486,1
290.44096974912765,0
140.80610155218508,2
122.58001249339841,1
125.09859159331597,1
509.1004932118033,0
191.56976301905357,2
49.43700572794896,1
49.1802546850518,1
859.8204535008786,0
155.96098124717773,2
51.04129582801648,1
45.09830103946939,1
1052.393826039062,0
159.48148695835258,2
50.19140519164927,1
50.898096322992345,1
938.9167630085262,0
173.19293175346985,2
48.10015985221327,1
49.138121301410315,1
1124.0454036127933,0
128.39586346718323,2
48.543404629849974,1
44.17444729719804,1
347.25511345229046,0
74.79588644496421,2
20.260314054752328,1
19.737043727811425,1
590.6008723950127,0
417.0147556926303,2
27.919951030815966,1
20.760570282419433,1
621.5265356074734,0
204.0069348526474,2
42.89492759623456,1
34.90989269110676,1
508.24235715722216,0
187.4069296695829,2
20.650437987030983,1
29.642400997391498,1
652.9937498609338,0
313.7019211920766,2
37.31207288343639,1
35.45325988844809,1
212.8472905921486,0
144.72153297707362,2
124.5188020617611,1
120.71865331340905,1
240.22265570982833,0
137.6204208237456,2
122.77919580793294,1
114.30056510408828,1
283.5849020679676,0
133.19332547090897,2
120.72929577543294,1
117.92892027353486,1
292.0129161457875,0
128.93818436873266,2
118.89304217632133,1
121.59050363771459,1
276.35200047936166,0
126.43392239495198,2
120.43240914838432,1
116.29693062455483,1
244.76218849243827,0
75.97993532287765,2
44.41540092986003,1
41.90668586330052,1
326.5819296693034,0
75.46767601067606,2
44.612155192446835,1
41.126427602473626,1
433.1910682168598,0
92.42244267433922,2
44.24510728166666,1
40.951454112222216,1
294.61122860001035,0
96.02708329416232,2
45.31728592675755,1
41.50906085212649,1
445.2609826401888,0
91.01537655939417,2
42.01192030260391,1
40.32635346829401,1
201.71198111555557,0
179.00651130655808,2
16.33597812122287,1
14.125740102386878,1
314.78054582722984,0
206.73709887143116,2
23.280705133280172,1
19.10687699887044,1
340.863908852949,0
134.8318436568479,2
27.867898432408587,1
23.74205779316162,1
200.09365675149505,0
109.17940833254231,2
20.568576002495647,1
24.3599187120562,1
260.60555983096776,0
89.97655828638891,2
32.38464633892984,1
29.267978627916406,1
178.69619208423148,0
133.0187676963704,2
120.99486350040688,1
117.62546603367812,1
182.14616247187394,0
129.50306193769495,2
124.80967584659727,1
124.61187644753662,1
182.43644314379335,0
128.19136453905827,2
123.33705468403626,1
123.9825525322198,1
193.05071092587653,0
124.17453643020713,2
112.36347892595376,1
113.50514733411217,1
182.39765096079753,0
124.80619163072481,2
120.30490668847621,1
120.12295303871092,1
188.4753050979155,0
66.54833422241204,2
44.86295986925754,1
42.037155199149296,1
370.20849267697514,0
87.91900669944414,2
44.77608227853731,1
41.674197341631654,1
402.99988019496436,0
84.20856770049375,2
44.66984531249322,1
40.57850781246717,1
429.6502885290106,0
92.07980447695276,2
44.23247807714843,1
41.53162651756483,1
447.85051546831596,0
85.07890308541549,2
42.8915269982639,1
40.2386388858374,1
194.47686978124577,0
119.24677237501925,2
16.591741120598684,1
19.471724966005844,1
189.36119318154283,0
225.8751692258982,2
28.160360373263888,1
23.786745827065978,1
309.5284864479123,0
107.02793945268111,2
36.26574319262995,1
31.222412953827828,1
218.47863168966776,0
110.19656556759988,2
29.101700463183324,1
32.23653328081599,1
298.960351461892,0
63.11154004244547,2
31.508166660563134,1
28.98907290972221,1
182.01633462075495,0
128.07189673670908,2
124.95605102039926,1
121.15000203817713,1
184.9556258199826,0
127.64137896603734,2
129.51606376399715,1
125.63442342496067,1
180.21632968312488,0
127.99368329619686,2
123.6680067478621,1
126.43381865234373,1
180.22489177107187,0
144.5439747232803,2
110.18153266355216,1
109.45755047229586,1
174.83674552623262,0
120.14583882331785,2
118.07189336067604,1
126.44057941242163,1
5511.335887489153,0
646.9534239247223,2
227.48315149656872,1
84.95546040954751,1
5623.741091084628,0
873.0673489166492,2
249.18496093661855,1
87.46211194020161,1
5345.808305357198,0
685.0001806538281,2
253.1685351920302,1
94.24503478367811,1
5799.59462916664,0
1630.549477594476,2
152.72666923587218,1
75.27419008734782,1
5496.114832072914,0
806.0945718732638,2
209.81378464946582,1
86.80968899763421,1
4007.1695322806,0
1081.7201921717444,2
84.74799626196584,1
47.16800310493056,1
3914.8765957817664,0
1195.9234947749835,2
88.23252083016921,1
46.2055484353513,1
4096.695539052396,0
997.3338999880368,2
86.67078489482397,1
46.75655312414929,1
3678.990466112794,0
1514.44167959403,2
73.55088852332895,1
43.18302855172497,1
3458.2626597918943,0
901.6363703015402,2
80.88390927928704,1
45.43749998249891,1
3380.717784143399,0
221.18500206355804,2
206.9839567683851,1
171.5839510341916,1
3361.5737364530155,0
292.15549618529695,2
221.06983475008437,1
184.95894032592778,1
3314.1774942573434,0
1133.8092066662211,2
224.78269058116214,1
180.20416248358396,1
3207.4674739266034,0
252.12198176397558,2
201.74888901888002,1
169.64665571968075,1
3243.8852319807916,0
1460.1775977270802,2
207.73625352003026,1
167.317172901813,1
267.3854208308333,0
87.52004634231747,2
44.95306301559218,1
41.99385930986868,1
313.59607288712573,0
82.74566769812397,2
45.48136663419165,1
41.81352291150062,1
435.6471217413186,0
72.88223486682699,2
44.9389432173174,1
40.8903755196872,1
351.6716374003807,0
71.99655100249568,2
43.84143018796765,1
41.891714530337445,1
457.59166114775905,0
89.44900560703105,2
44.40199576551648,1
40.86703957621419,1
188.44781443558907,0
111.09940310694334,2
22.3383354159885,1
15.473145814139528,1
240.21658333123258,0
121.15592600689996,2
36.08308435694336,1
35.59280051828097,1
313.639789583316,0
85.85666068593505,2
34.38979475249566,1
29.524837455285386,1
251.56781765043294,0
122.05514576332898,2
36.54659782729056,1
37.25749624270807,1
303.6049519511707,0
171.0539400360784,2
30.508198954295782,1
27.535597390440284,1
165.2364135414226,0
116.95180933203015,2
111.10223904015602,1
119.14791976423504,1
170.59059476067577,0
125.55292186921767,2
118.04778995921195,1
117.10263433374026,1
158.3490182285155,0
123.3235265511,2
112.06180616371094,1
111.36912755236305,1
182.78587601626626,0
120.01895974118817,2
110.814521318027,1
115.26498851492077,1
177.69610093604163,0
118.82974114306607,2
113.39761873936514,1
116.24292082786349,1
4156.070241144226,0
982.6684312204592,2
235.647326019478,1
114.59344009585911,1
5075.402402079934,0
932.3946937489573,2
266.56595155546853,1
130.1081775950822,1
4931.6384802001185,0
1117.6335489583062,2
348.8833208263886,1
129.98651301114336,1
4308.505801539527,0
1038.0665203074086,2
204.51192548779272,1
112.74273905950918,1
4908.778377898385,0
915.7156270059802,2
270.3643828047523,1
115.97082551233478,1
2917.134919266321,0
1502.2566515033402,2
97.14174062468652,1
48.600717705511094,1
3698.4007343656162,0
484.5004192646479,2
104.83385676806611,1
55.15707656128227,1
3668.3857796854472,0
691.7956150925421,2
88.58946664861003,1
54.32168642843313,1
3736.997859347224,0
2159.248418691092,2
230.86691978419182,1
85.36694010201795,1
3337.7868958322924,0
809.0001530292869,2
90.41938434289929,1
80.08313174218074,1
1954.8485817680667,0
1369.5465627555018,2
197.1943920503688,1
175.36173332020405,1
2609.163463540689,0
361.2123119273629,2
214.7315546552124,1
176.56095312334975,1
3114.443528121956,0
1274.6564223722264,2
224.01971666627517,1
181.09092582776032,1
3122.667475982757,0
810.0072536259108,2
213.65832492944332,1
173.38456396966535,1
3135.2575458323586,0
1595.351013519787,2
202.76802708332346,1
170.36286205555552,1
3148.8742218458137,0
902.3700557219596,2
108.3976057224802,1
111.76153645765521,1
4115.951248948542,0
709.5393989537488,2
118.86070989131923,1
74.67528645775933,1
4466.083901041044,0
2739.988615097983,2
132.2631332997223,1
75.87658749843321,1
3960.7951864223915,0
861.1747510099378,2
97.39384477276045,1
116.39095101916661,1
4478.237102054858,0
1043.1742828123568,2
102.12552082114145,1
138.14212915329753,1
2812.938182288503,0
1297.5237166041675,2
96.13960312082904,1
50.30399218163816,1
3215.1061562481764,0
1000.7060015569534,2
119.87254322915993,1
53.49373906044679,1
3680.045253125,0
1456.1115859352526,2
109.48811249932183,1
50.389051040412305,1
3332.0133154649993,0
1742.0974484112621,2
76.83029373109375,1
45.6216416525651,1
3382.276973943482,0
1015.3195025969595,2
72.22889577543296,1
43.518160400250636,1
2019.3737421268097,0
1121.7696806664057,2
172.12812492380112,1
155.6615161449519,1
2643.4240005143174,0
259.46861977924374,2
200.8133520331759,1
161.87787025384515,1
2861.191891650782,0
229.24899686889668,2
204.56892669400946,1
169.79223591024063,1
2449.2645562471794,0
975.0944938924803,2
188.54492906901032,1
161.77982760383435,1
2420.724794221834,0
211.86590622903537,2
194.2158130000192,1
157.58409468468315,1
2797.8154854107265,0
954.8538937449825,2
115.35165155511478,1
107.70687604165694,1
4508.828882285724,0
704.5115833272301,2
104.93321614566372,1
108.525230184566,1
5887.033072361648,0
540.6660650762147,2
112.78050780994768,1
65.35153697264946,1
4611.4494244259295,0
799.7044140619008,2
98.3142166150998,1
109.58495937206597,1
5699.684360978486,0
1000.481342619579,2
96.91327290787758,1
65.09842335212645,1
2938.848364575677,0
793.8330963537951,2
87.46203489224585,1
84.8542822906239,1
3460.2717066983273,0
1385.4804082924952,2
95.5645864578082,1
46.404604686555686,1
3678.4377213229923,0
2068.2590005178417,2
93.34834270707903,1
40.833516657482626,1
3287.040925923501,0
1565.89046456848,2
80.84534114507132,1
43.485926521451574,1
3728.391964528402,0
828.9428239162231,2
71.14238436983392,1
42.93330250289685,1
1638.8658046525381,0
168.138849982499,2
182.5416868627861,1
159.72459995958226,1
2492.144799888888,0
207.03228739437506,2
185.26828331527665,1
161.68493593210684,1
2620.0576473871433,0
171.2874213429878,2
188.48513374061181,1
160.76868539059788,1
2630.119963982516,0
673.044968698433,2
175.38459374895723,1
152.07860728103194,1
2591.6032332759332,0
256.8483051976985,2
180.56477967277297,1
157.69673575820073,1
2337.4562124978015,0
621.1743807288345,2
137.5671182219594,1
107.8229249863888,1
3222.014627600823,0
843.7755400106969,2
140.51727812493047,1
83.45451093673806,1
4180.152955610644,0
647.1055958111444,2
150.10911354166225,1
75.27364687109373,1
3522.779759247342,0
895.7361587735936,2
130.27682290748265,1
150.76281197594372,1
4094.7104981602324,0
752.8750208184802,2
148.47641562496088,1
86.67145618645407,1
1638.6707499755848,0
843.2706676214309,2
87.17566613880187,1
50.86524218620847,1
1996.8862786287416,0
977.0110911450126,2
94.55116405239556,1
51.714876557701544,1
2115.8942306957465,0
1723.0521843417698,2
101.9600973391794,1
55.34229373277342,1
2066.296515409164,0
1104.5455697787743,2
92.49583592425103,1
52.342003107498925,1
2062.8995968735144,0
623.4989036404401,2
275.7913255029163,1
85.80868280770154,1
1820.0905576691268,0
309.134284368228,2
224.40953791486973,1
184.8034681876949,1
2408.4114541662766,0
1114.6063848699323,2
223.62520624020718,1
181.78490101140505,1
2633.575818138227,0
2018.2838427065976,2
238.1942426622873,1
178.1537967686968,1
2542.4463478123917,0
798.9687904381243,2
225.9213671701366,1
187.49158853838432,1
2730.3123380208312,0
702.0300961595564,2
255.64652236718067,1
188.6390682156769,1
5140.191492161268,0
2526.539698307226,2
177.01963435373258,1
97.74780049754528,1
4888.164661416222,0
921.4851119780903,2
239.45187134427036,1
107.91109478619686,1
5004.448832579391,0
838.4826437124611,2
233.40921657914916,1
102.44989004701577,1
4941.126222317607,0
1274.7966229166623,2
194.04410729165684,1
88.25137701713432,1
5100.969895658855,0
988.3179973816077,2
216.02594885472988,1
103.61324552043295,1
3197.1457931503564,0
882.6100906234337,2
87.71666770270834,1
46.0963843552246,1
3680.44356718391,0
1568.4167156218377,2
88.11106301431613,1
85.52088436905821,1
3615.5677358239464,0
662.8293881715972,2
85.5577114086415,1
46.620711976508,1
3504.269597286449,0
1313.1516020743495,2
206.92335562455477,1
66.32268745123271,1
3290.353761999739,0
1496.923643594139,2
193.96433830704746,1
71.84454367999567,1
2585.6495411925785,0
1452.0023593119784,2
316.4873979084537,1
189.1448268665266,1
2895.118256541731,0
1441.0305515534167,2
221.76048160958086,1
187.61192915864143,1
3078.681572626641,0
1744.1120327786966,2
208.05307258243823,1
187.92380520829437,1
3051.1151513595323,0
1167.3797786415946,2
187.59355982444407,1
192.00433636326383,1
2895.907394480794,0
312.07294714531224,2
210.13890192664928,1
190.7930265472631,1
2999.016577081509,0
702.3499114564205,2
119.24576924322892,1
68.96834739414035,1
3718.8924833326,0
230.61277082722964,2
157.428678644889,1
45.760911943027075,1
4613.282349611981,0
539.5453244773868,2
155.74032736089163,1
75.1843298357248,1
4023.909887997546,0
400.8902729068742,2
101.8465546790015,1
68.21385468749752,1
4608.310106957597,0
164.14495676631924,2
126.81777543942597,1
60.39012502424886,1
2094.024116133756,0
1406.966978635089,2
51.88862598673506,1
34.81453645770831,1
3160.124945795386,0
630.252153644616,2
59.672727581195424,1
34.19332395551106,1
3664.95543644348,0
1467.1519390545677,2
57.588095165156005,1
32.55443636957899,1
3026.9541983898775,0
324.6289588333523,2
109.51609424253228,1
32.55591970720378,1
3132.124367701172,0
534.7567815275582,2
44.00245465361872,1
34.512587277334006,1
1009.5788666477605,0
189.91977954095452,2
167.14672914126643,1
156.0743484293813,1
1933.0338764677504,0
252.12638018551974,2
171.32683330234278,1
155.23657806680754,1
2133.623274997802,0
709.7086515622046,2
167.38634751158745,1
152.12694263666563,1
2020.8480457850246,0
436.59081452985663,2
171.22319373734376,1
155.38853019874568,1
2043.4273367935846,0
519.2576791633846,2
162.0429102499303,1
153.20370603027337,1
2917.7805140445826,0
824.2327723552058,2
212.65658800481526,1
104.2657468628081,1
3297.2753885260436,0
1010.941373946371,2
272.1694593630371,1
121.38254946639296,1
3834.2274829869502,0
736.1000885053287,2
353.83873647816824,1
128.4935284717879,1
3544.8636109077784,0
1117.3344551739538,2
233.58706302057274,1
113.44594583103733,1
3710.077865538851,0
611.2222656193745,2
301.02369591214824,1
107.38753584960823,1
1836.9848327755642,0
849.130273437381,2
76.95708174288164,1
43.98815676914035,1
2240.732630157237,0
1545.5265432025917,2
79.45778383305095,1
45.504005206232655,1
2278.6406609356313,0
1495.4209770562447,2
85.38569154489464,1
47.266267553294256,1
2197.7888067310414,0
657.1299504959285,2
85.72852289539928,1
45.74169680051649,1
2305.2890972878013,0
695.3692638858978,2
69.301818364566,1
46.804132445592145,1
1825.076432749216,0
304.862794232686,2
192.1336109174957,1
162.4017734309828,1
2341.821491978858,0
1294.3897734375,2
208.7807380087562,1
178.34680800270831,1
2517.8716776041074,0
1512.338734880852,2
210.35164678954408,1
176.6978128437457,1
2584.8126322652597,0
998.2338937492668,2
218.86018020770825,1
174.55484719003888,1
2617.579256661607,0
238.7306910485024,2
218.4495545587236,1
202.38808079614145,1
5670.035950878312,0
5286.504297378743,0
1410.4895208182247,2
235.93520830956587,2
239.0613468749901,1
112.80831196443982,1
101.82715207722975,1
100.47598642510305,1
4060.8641124042874,0
3306.845770310719,0
3676.9334582229185,0
768.2684597729682,0
907.4176931764099,0
220.12780363033835,2
129.548923956683,2
79.45939010294886,1
53.49085413530815,1
55.11205978086997,1
53.364470263962396,1
827.2223671210328,0
640.7595300901692,0
672.2356551577082,0
1666.7098920996768,0
2195.546987478733,0
571.9310968728992,2
142.47168382444633,2
138.33639684400936,1
148.4779770626692,1
65.79319426968723,1
68.50707760404701,1
1409.0689806792418,0
1208.8323244615267,0
1449.1397145138797,0
1005.6258973914585,0
1213.0065572491274,0
186.25995833270832,2
174.28324374932185,2
86.68950673309219,1
57.125792708224836,1
56.16616093131482,1
56.014392704930536,1
947.5630842766913,0
747.8668656116307,0
907.5912020689833,0
1634.8323754235028,0
1967.3750171722631,0
710.3857208215977,2
220.4272182273869,2
132.17275357332647,1
123.18938062589815,1
69.4652848110674,1
70.76357441847624,1
1335.554503022066,0
1241.1169342893224,0
1375.2449890392127,0
860.0485234163851,0
920.5230202065371,0
350.16626249770394,2
103.17831714123018,2
89.83078851283751,1
60.03588956471246,1
60.88798642356663,1
60.409562496222875,1
649.485071846523,0
735.6292859212169,0
707.9895270773912,0
2599.820221313121,0
3472.8983270724843,0
1167.6670505205739,2
206.04566296855452,2
173.6770864541626,1
193.3153593479122,1
86.70180104093306,1
85.08751611008869,1
2370.579269726536,0
1893.0952888363804,0
2341.116383036536,0
676.2248104166572,0
793.5829520530721,0
393.98022285364476,2
77.12396041548503,2
69.8017409912042,1
63.89228958317709,1
51.33848644833334,1
50.513292130349164,1
649.492465085688,0
611.0264244043987,0
611.6608421816383,0
504.3634416532973,0
543.9874462849866,0
274.9858296651561,2
81.42765052028406,2
64.69642135366507,1
47.94840570523841,1
49.290874998957236,1
43.40278330520723,1
392.60664421759725,0
446.63323528975224,0
417.3808408953123,0
427.14982653759523,0
402.2980921366404,0
164.16642601492072,2
111.38727654316165,2
67.11488540807184,1
47.971860416510424,1
46.25582759730871,1
42.368526561423344,1
301.82672551114354,0
328.2084796751929,0
299.36674309738265,0
5510.851058817632,0
5921.472549992528,0
1314.0279556930252,2
568.0590302059363,2
278.4300348776363,1
112.00357083289929,1
121.74382447248016,1
76.22620669202448,1
4002.412180203462,0
3110.7161087427094,0
3538.3824317580584,0
121.3184749982639,0
41.4470416540104,0
40.88130676194635,2
39.47732864583089,2
40.85721507335909,1
51.70607394322482,1
42.878353637334826,1
43.236845292577854,1
468.85301041627497,0
130.6796520071343,0
78.75165727444005,0
443.4597833059018,0
544.080389524426,0
120.29673591159913,2
79.20410571798804,2
43.787458319478084,1
45.83185155511476,1
44.810276539843464,1
41.872761458120664,1
362.7453499781208,0
184.84970255608687,0
382.83258808604154,0
386.824134894687,0
422.11986766361883,0
109.79781318788962,2
77.1986373977333,2
44.76450199704426,1
43.84257966421197,1
44.33692238135823,1
41.25689062041557,1
129.1580202802124,0
190.74880260106082,0
331.5155843472225,0
642.8921384654678,0
749.1278890613544,0
185.73057648773184,2
94.52534374999564,2
85.29213535312059,1
55.03497118098931,1
54.49859576605794,1
53.352216133984136,1
468.8669707445794,0
233.93273099698317,0
540.1964671525388,0
450.547028998225,0
600.9036774654883,0
148.7371820965971,2
88.31319150162764,2
73.87757916541231,1
49.43291820651011,1
58.76164880164931,1
49.23801612222628,1
426.72890613039925,0
217.32217863634745,0
351.9097935580404,0
285.504168211803,0
643.7471811637113,0
182.3271874866308,2
68.78178435749892,2
86.27183749609375,1
59.70017708248267,1
56.48938645468316,1
49.79223638942706,1
440.74273536927,0
256.5469114305553,0
389.6097788910417,0
1027.0022432289386,0
1241.2287734328434,0
229.8775342631934,2
172.49877028693334,2
77.47921874081592,1
52.12710290233398,1
53.00058016317706,1
45.82503020138889,1
811.827798425423,0
313.7712650676302,0
720.219489576732,0
828.1482124965969,0
996.5160703122039,0
300.56210359355447,2
159.67956139159733,2
62.172706741113046,1
49.34586145789929,1
50.305028974347856,1
49.17030572506265,1
553.0697697428997,0
286.3363062330458,0
647.1666233930058,0
410.24284357725605,0
444.912486299996,0
127.83254155694013,2
75.9388603655718,2
57.49431874671765,1
44.19188437260312,1
44.472472361646844,1
41.237604617771005,1
253.77550029272763,0
193.64230818317705,0
376.4281208239485,0
373.19935519791227,0
439.44794527831374,0
116.96057290377495,2
82.19129671332897,2
44.763078630077864,1
44.02885354054661,1
41.774306728079175,1
41.70907491124568,1
247.61902649710257,0
180.77175028165115,0
343.86669524495403,0
4251.6610702105645,0
5359.988125977596,0
2302.276681714676,2
1039.288382245173,2
527.2032421850516,1
170.3411114574827,1
166.27914061210828,1
70.58195884527967,1
4018.4367150911526,0
3501.9786348004423,0
3665.1474229144696,0
369.29330880283595,0
470.87577030019287,0
116.3858291210665,2
89.1065494476234,2
45.13871197141902,1
44.441390102386904,1
43.97096142660479,1
41.79880801692711,1
331.3657406072224,0
184.91251297850883,0
360.24105701713444,0
4464.448501032874,0
5438.562427600451,0
1792.9016458270657,2
645.9844744461261,2
173.7509328054685,1
220.5103264986911,1
117.48719784218316,1
108.48032962526014,1
4086.8814352599843,0
3296.3854348445025,0
4049.6469135414563,0
3331.4177619189863,0
4431.02817447816,0
520.1162035207678,2
565.6315343593748,2
283.75213333294164,1
94.8034708065874,1
103.89221087984997,1
110.80847916314127,1
3659.083404074782,0
2529.071822905377,0
3349.1512708237465,0
3878.862398886669,0
5508.84076607389,0
1186.9027379168942,2
536.0685281247561,2
328.18366450885003,1
88.69094895828007,1
100.92541770286344,1
67.52273072915989,1
3972.898510395093,0
2893.460359854785,0
3383.167107812466,0
3653.3415358563334,0
4241.389834373819,0
1047.1543659829028,2
489.97659630470673,2
408.9114109364907,1
128.2890947900997,1
132.23963848770725,1
150.68804632150366,1
2349.187709810462,0
2585.0808874208997,0
2794.7802769777077,0
4453.986509216663,0
5474.662641121254,0
1469.0952786192572,2
475.77108539447823,2
392.3144572869398,1
167.09524737819402,1
143.5279358742163,1
88.69728070774713,1
3613.5115670228793,0
3206.073229372848,0
3680.3182182134096,0
3722.7689927074216,0
4771.26634996523,0
874.3243775854028,2
404.74160363007803,2
101.71491657604058,1
101.85982545382784,1
62.47467707816734,1
64.09753958039931,1
3722.806678450305,0
2145.593797356042,0
2324.6404124479577,0
3505.823959355807,0
3803.191093722911,0
1445.0122791444785,2
76.7620731892293,2
256.98602551174884,1
323.60425360768625,1
117.71877133652752,1
112.78709268520392,1
2423.1057421489436,0
2745.2986505198246,0
3098.226510881342,0
